station_id,lat,lng,region,sub_region_cluster,cluster_id
4040 3rd St Depot Station,37.74083704246336,-122.3891894846574,0,14,0_14
BK-A3,37.851375499999996,-122.2525231,1,0,1_0
BK-A7,37.88022222295339,-122.26959214257812,1,4,1_4
BK-B7,37.87657277455342,-122.26952795606994,1,4,1_4
BK-B9,37.87511169286445,-122.26055324077606,1,4,1_4
BK-C1,37.87040705773269,-122.29967597073365,1,2,1_2
BK-C5,37.8737068499061,-122.28304066192487,1,2,1_2
BK-C6,37.8717191,-122.27306784999999,1,4,1_4
BK-C7,37.873676107299126,-122.26848710752105,1,4,1_4
BK-C8,37.87235575,-122.26644685,1,4,1_4
BK-C9,37.875216348216114,-122.26035416019401,1,4,1_4
BK-D1,37.866249,-122.29937059999999,1,2,1_2
BK-D10,37.86936015,-122.25433720000001,1,4,1_4
BK-D2,37.86906023772696,-122.29339978618621,1,2,1_2
BK-D4,37.86996685380201,-122.28653305864717,1,2,1_2
BK-D5,37.870555164528724,-122.27972015319824,1,2,1_2
BK-D7-1,37.870139,-122.268422,1,4,1_4
BK-D7-2,37.86905995,-122.270556,1,4,1_4
BK-E10,37.8664179702516,-122.25379921923829,1,4,1_4
BK-E2,37.86282705,-122.29023075,1,2,1_2
BK-E3,37.86282373556934,-122.29025226345657,1,2,1_2
BK-E7,37.8658468,-122.26744305,1,4,1_4
BK-E8,37.867789099999996,-122.2658962,1,4,1_4
BK-E9-1,37.86888073010449,-122.25879496001119,1,4,1_4
BK-E9-2,37.86604305,-122.2588042,1,4,1_4
BK-F10,37.86186863696231,-122.25354772836111,1,0,1_0
BK-F2,37.8588681,-122.29120975000001,1,2,1_2
BK-F7,37.86012479955842,-122.2693842069788,1,4,1_4
BK-F8,37.862470022222226,-122.26471031111112,1,4,1_4
BK-F9,37.86231995,-122.258801,1,0,1_0
BK-G4,37.85578316015099,-122.28312685592269,1,2,1_2
BK-G7,37.85758896992163,-122.267544277233,1,0,1_0
BK-G8,37.85748989616758,-122.26163286874961,1,0,1_0
BK-G9,37.8623199,-122.258801,1,0,1_0
BK-H10,37.8584731,-122.25325295,1,0,1_0
BK-H3,37.853906980821904,-122.28969806196595,1,2,1_2
BK-H6,37.852476800000005,-122.2702131,1,0,1_0
BK-H8,37.855573830914395,-122.26356518074991,1,0,1_0
BK-H9,37.8559559,-122.25979495,1,0,1_0
BK-I5,37.85057785,-122.27817519999999,1,5,1_5
BK-I6,37.849735,-122.270582,1,0,1_0
EM-1,37.830296182687,-122.2894299030304,1,5,1_5
EM-A1,37.8409451,-122.2913602,1,5,1_5
EM-A2,37.8419239,-122.28804505,1,5,1_5
EM-B0-2,37.83954304133282,-122.29871786114835,1,5,1_5
EM-B1,37.84052108347485,-122.29352815920258,1,5,1_5
EM-B2,37.838443749999996,-122.28866485,1,5,1_5
EM-C1,37.8467841,-122.29137605,1,5,1_5
EM-C2,37.83618215,-122.28718005,1,5,1_5
EM-C3,37.835644834861725,-122.28107582735596,1,5,1_5
EM-D2,37.8297048,-122.2876101,1,5,1_5
EM-D3,37.8312751,-122.28563315,1,5,1_5
EM-D4,37.83127695,-122.27826695,1,5,1_5
GGP-L1.5,37.76995450759076,-122.48168398415841,0,18,0_18
GGP-L1.7,37.770856128,-122.49007189933333,0,18,0_18
L1.1,37.768778263676424,-122.45942820231382,0,15,0_15
L1.11,37.76781701011207,-122.50188780608909,0,8,0_8
L1.20,37.76490783161667,-122.5005276623875,0,8,0_8
L1.4,37.77091321407918,-122.47711493126027,0,18,0_18
LW1.6,37.76989057051282,-122.48461193888889,0,18,0_18
LYFT-SF01,37.77456657842222,-122.41406550170277,0,6,0_6
LYFT-SF02,37.76849045334188,-122.41114017609401,0,11,0_11
OK-A2,37.85022193724839,-122.26017218354798,1,0,1_0
OK-A4,37.848793875,-122.25235037499999,1,0,1_0
OK-B1,37.84959498388832,-122.26556898581697,1,0,1_0
OK-B2,37.8465158,-122.26530414999999,1,0,1_0
OK-B3,37.84449285,-122.261351,1,0,1_0
OK-B4,37.84427887699533,-122.251900217247,1,0,1_0
OK-B5,37.841799949999995,-122.25153495,1,0,1_0
OK-C2,37.8426295,-122.267738,1,6,1_6
OK-C3,37.8401859,-122.26182275,1,6,1_6
OK-C4,37.8388,-122.258732,1,6,1_6
OK-C5,37.83812695,-122.25127119999999,1,6,1_6
OK-D2,37.8396486,-122.27175603333335,1,6,1_6
OK-D3-1,37.84036415,-122.26448805,1,6,1_6
OK-D3-2,37.81740943333333,-122.25235323333334,1,6,1_6
OK-D4,37.83575,-122.262654,1,6,1_6
OK-D5,37.83578815,-122.25162085,1,6,1_6
OK-E2,37.834174,-122.272968,1,6,1_6
OK-E3,37.83355785,-122.26741815,1,6,1_6
OK-E4,37.833365490538675,-122.26355792191866,1,6,1_6
OK-E5,37.83329376111605,-122.25622407771303,1,6,1_6
OK-F2-2,37.834174,-122.272968,1,6,1_6
OK-F3,37.8302231,-122.27095005,1,6,1_6
OK-F4,37.82850251826463,-122.26633198143502,1,6,1_6
OK-F5,37.82775715,-122.2567158,1,6,1_6
OK-F6,37.82519918798721,-122.25905242968722,1,6,1_6
OK-G2,37.8305451,-122.27393685,1,6,1_6
OK-G3,37.826695793204834,-122.27179703048324,1,6,1_6
OK-G4,37.82628615,-122.26510010000001,1,6,1_6
OK-G5,37.82489276497556,-122.26043677305147,1,6,1_6
OK-H2,37.8238472,-122.2811928,1,5,1_5
OK-H2-2,37.82352279021405,-122.27718830108644,1,6,1_6
OK-H3,37.823321199999995,-122.27573275,1,6,1_6
OK-H3-2,37.8226839297251,-122.27292410182196,1,6,1_6
OK-H4-3,37.82250779428628,-122.26614455074653,1,6,1_6
OK-H5,37.819381199999995,-122.2619282,1,6,1_6
OK-H9-1,37.7981943290937,-122.29358765010682,1,1,1_1
OK-H9-2,37.81108056666667,-122.24326756666666,1,1,1_1
OK-I3,37.817846668483135,-122.27578470716514,1,1,1_1
OK-I4,37.817126885643525,-122.27166733538012,1,1,1_1
OK-I5,37.816073057505704,-122.26788620011139,1,1,1_1
OK-I6,37.812090352519455,-122.26069555490821,1,1,1_1
OK-I8,37.80889364466238,-122.25646006327311,1,1,1_1
OK-I9,37.808781475,-122.249465525,1,1,1_1
OK-J3,37.8160599,-122.2782442,1,1,1_1
OK-J4,37.81498811521208,-122.27484402520369,1,1,1_1
OK-J5,37.812645795272466,-122.26870621524354,1,1,1_1
OK-J6-1,37.8113769,-122.26519275,1,1,1_1
OK-J6-2,37.807813091089514,-122.26449604401398,1,1,1_1
OK-K10,37.80045920585697,-122.24745884818267,1,1,1_1
OK-K17,37.77993,-122.2177282,1,3,1_3
OK-K2,37.81233175,-122.2851711,1,1,1_1
OK-K3,37.809823800000004,-122.28019215,1,1,1_1
OK-K4,37.811351200000004,-122.27342185,1,1,1_1
OK-K5-1,37.808702049999994,-122.26992705,1,1,1_1
OK-K5-2,37.809368806067425,-122.26795088661956,1,1,1_1
OK-K6,37.806969880477965,-122.26658810552978,1,1,1_1
OK-K7,37.804036594674535,-122.26240910980478,1,1,1_1
OK-K9,37.80021378348489,-122.2538100836563,1,1,1_1
OK-L1,37.810743099999996,-122.29141515,1,1,1_1
OK-L10,37.794396,-122.253842,1,1,1_1
OK-L11,37.792714149999995,-122.2487798,1,3,1_3
OK-L12,37.79013992592682,-122.24237311403655,1,3,1_3
OK-L13,37.80045920585697,-122.24745884818267,1,1,1_1
OK-L14,37.78519175,-122.2343821,1,3,1_3
OK-L15,37.781123,-122.2329915,1,3,1_3
OK-L16,37.78375695,-122.22260315,1,3,1_3
OK-L17,37.77993,-122.2177284,1,3,1_3
OK-L19,37.77415278215118,-122.21239810061357,1,3,1_3
OK-L2,37.810743099999996,-122.29141515,1,1,1_1
OK-L3,37.80874991732999,-122.28328213998412,1,1,1_1
OK-L4,37.806162900000004,-122.27604009999999,1,1,1_1
OK-L5,37.804562177465144,-122.27173802618408,1,1,1_1
OK-L6,37.803136072295935,-122.27055150922267,1,1,1_1
OK-L6-2,37.80268820102033,-122.26914618395377,1,1,1_1
OK-L7,37.800001815594385,-122.26643800367737,1,1,1_1
OK-L7-2,37.801318949999995,-122.2626419,1,1,1_1
OK-L8,37.7976729,-122.26299714999999,1,1,1_1
OK-L9,37.795913,-122.255547,1,1,1_1
OK-M1,37.8053183,-122.2948365,1,1,1_1
OK-M14,37.781123,-122.23299175,1,3,1_3
OK-M16,37.778058,-122.2254,1,3,1_3
OK-M2,37.80733415555556,-122.28936028888889,1,1,1_1
OK-M3,37.8059322,-122.28525317500001,1,1,1_1
OK-M4,37.80368675,-122.282497,1,1,1_1
OK-M5,37.8007542,-122.27489415,1,1,1_1
OK-M6,37.80051605,-122.27207995,1,1,1_1
OK-M7,37.797349249999996,-122.26532314166667,1,1,1_1
OK-N1,37.805240960000006,-122.29470467290813,1,1,1_1
OK-N17,37.77523205,-122.2244981,1,3,1_3
OK-N5,37.796248,-122.279352,1,1,1_1
OK-N6,37.79519488219297,-122.27396982513429,1,1,1_1
OK-N7,37.79519488219297,-122.27396982513429,1,1,1_1
OutsideTempStation,37.770771812542726,-122.47898547218114,0,18,0_18
SF Depot,37.76140228530131,-122.40307088869751,0,11,0_11
SF Depot Monolith,37.75,-122.39,0,14,0_14
SF Depot-2 (Minnesota St Outbound),37.76236260635972,-122.41040110468516,0,11,0_11
SF I29-1,37.78330901747124,-122.39335035021327,0,0,0_0
SF STATION IN A BOX 1,37.77583495952381,-122.39260282619047,0,10,0_10
SF-A15,37.80396486762289,-122.4551060935326,0,4,0_4
SF-A19,37.805307365466945,-122.43726264517845,0,17,0_17
SF-A20,37.80442560174283,-122.43355243086692,0,17,0_17
SF-A22,37.805396908067614,-122.4230148566265,0,17,0_17
SF-A24-2,37.804443238669045,-122.41576464323343,0,13,0_13
SF-A25,37.806869252654536,-122.41147751150282,0,13,0_13
SF-A25-2,37.80542612442302,-122.41359054026887,0,13,0_13
SF-A26,37.80715645615713,-122.40909337875101,0,13,0_13
SF-A27,37.80477312489195,-122.40331576696323,0,13,0_13
SF-AA15,37.72221620796691,-122.44737807091055,0,9,0_9
SF-AA15-2,37.72056318356235,-122.44764391752291,0,9,0_9
SF-AA18,37.72000254395833,-122.4337692474035,0,9,0_9
SF-AA20,37.72018697941808,-122.42517886661015,0,9,0_9
SF-AA28,37.72260855399318,-122.39251926910686,0,3,0_3
SF-B14,37.801700382597566,-122.45647491549587,0,4,0_4
SF-B15,37.7996929013821,-122.45257039272087,0,4,0_4
SF-B19,37.80263675985612,-122.43605082049224,0,17,0_17
SF-B20,37.800484884132366,-122.43278296561914,0,17,0_17
SF-B21,37.800245257817664,-122.42583646901718,0,17,0_17
SF-B22,37.80231117045853,-122.42442068031339,0,17,0_17
SF-B24-1,37.80324890666495,-122.41467547545535,0,13,0_13
SF-B25,37.80279554439014,-122.41329511801345,0,13,0_13
SF-B28,37.804594747641275,-122.40201353355279,0,13,0_13
SF-B28-2,37.801990725897795,-122.40174495544325,0,13,0_13
SF-BB17,37.71622662874029,-122.44010161873206,0,9,0_9
SF-C14,37.796599535777695,-122.455684837456,0,4,0_4
SF-C16-2,37.7981532749652,-122.44736183409094,0,4,0_4
SF-C18,37.79928536335021,-122.44278555438014,0,17,0_17
SF-C20,37.79916252507571,-122.43404895914995,0,17,0_17
SF-C20-2,37.797474669877914,-122.43393651951408,0,17,0_17
SF-C21,37.797218312546406,-122.42754121402207,0,17,0_17
SF-C22,37.79769184340606,-122.42338862838805,0,17,0_17
SF-C25,37.80041072193298,-122.4108842667603,0,13,0_13
SF-C26,37.797897061158345,-122.40590174965158,0,13,0_13
SF-C26-1,37.79793762225651,-122.40592883358865,0,13,0_13
SF-C28-1,37.79991578679928,-122.39852477211183,0,13,0_13
SF-C28-2,37.798631693563244,-122.40089933528634,0,13,0_13
SF-CC18,37.71316759674359,-122.43340197339316,0,9,0_9
SF-D24,37.79638789030503,-122.41685170445449,0,13,0_13
SF-D27,37.79527137217985,-122.40472595379633,0,13,0_13
SF-D27-2,37.79718744725656,-122.40364824248553,0,13,0_13
SF-D27-3,37.796555889965084,-122.40157506325761,0,13,0_13
SF-D28,37.797284218655406,-122.3984613271788,0,13,0_13
SF-D29,37.79642105416592,-122.39459423621489,0,0,0_0
SF-E18,37.78958551151606,-122.44069939235594,0,16,0_16
SF-E20,37.79056828687476,-122.43251037977264,0,17,0_17
SF-E21,37.79189565206867,-122.4292892586918,0,17,0_17
SF-E22,37.793031674333974,-122.42346513733231,0,17,0_17
SF-E23,37.79410831634639,-122.42169885693147,0,17,0_17
SF-E27,37.79404635608086,-122.40290512594864,0,13,0_13
SF-E28,37.79503549163036,-122.40003252859073,0,13,0_13
SF-E28-2,37.793135665094624,-122.39855463151436,0,0,0_0
SF-E28-3,37.79339554223589,-122.39998925331312,0,0,0_0
SF-E29-1,37.79535051647806,-122.39428805920959,0,0,0_0
SF-E29-2,37.79453031115042,-122.39490994879488,0,0,0_0
SF-E29-3,37.79212017709937,-122.39735702633111,0,0,0_0
SF-F15,37.78667636184719,-122.4533726498898,0,4,0_4
SF-F16,37.786641728086934,-122.450038404133,0,4,0_4
SF-F17-1,37.78934279525312,-122.44509731354559,0,4,0_4
SF-F18,37.78808005603867,-122.43878730048291,0,16,0_16
SF-F19,37.78846825030869,-122.43538640816115,0,16,0_16
SF-F23,37.787594502486506,-122.42016817932328,0,6,0_6
SF-F23-2,37.788415599322015,-122.42024043427185,0,6,0_6
SF-F23-3,37.790574683430016,-122.41903662637927,0,6,0_6
SF-F26,37.788442332315206,-122.40840194826073,0,6,0_6
SF-F26-2,37.789772045676344,-122.40542376666465,0,0,0_0
SF-F27,37.78889716675119,-122.40350683127893,0,0,0_0
SF-F28-1,37.79133408230262,-122.3990090111534,0,0,0_0
SF-F28-2,37.789956689661736,-122.40122000008658,0,0,0_0
SF-F29,37.79033982790576,-122.39381659951567,0,0,0_0
SF-F30-1,37.79143941437639,-122.39103422710366,0,0,0_0
SF-F30-2,37.789454576081624,-122.39054088970703,0,0,0_0
SF-F30-3,37.78905066538282,-122.39235564837055,0,0,0_0
SF-F9,37.7851285423051,-122.47757912474601,0,5,0_5
SF-G10-1,37.78244348976166,-122.47190819740153,0,5,0_5
SF-G10-2,37.78038021095251,-122.47282936866773,0,5,0_5
SF-G11,37.78171693220729,-122.46761801402725,0,5,0_5
SF-G12,37.78229220753849,-122.46548439389802,0,5,0_5
SF-G13,37.78153691374125,-122.45874595962053,0,4,0_4
SF-G17,37.78398614887653,-122.4427710338545,0,16,0_16
SF-G18,37.78436773572402,-122.4393712698331,0,16,0_16
SF-G19,37.78370670853388,-122.43452366981428,0,16,0_16
SF-G20,37.785371386154075,-122.43171366891792,0,16,0_16
SF-G20-1,37.79,-122.43,0,17,0_17
SF-G23,37.785477282313494,-122.41939390267643,0,6,0_6
SF-G24,37.787033875909174,-122.41661453314062,0,6,0_6
SF-G25,37.78726577718865,-122.41336623654782,0,6,0_6
SF-G26,37.78579130979964,-122.40879040845236,0,6,0_6
SF-G27,37.786238955396826,-122.40521369090554,0,0,0_0
SF-G28-1,37.786457030151,-122.39846464013866,0,0,0_0
SF-G28-2,37.78673089529896,-122.39991720347928,0,0,0_0
SF-G29-1,37.78749778367173,-122.39835873245735,0,0,0_0
SF-G29-2,37.78709816937091,-122.39458499630325,0,0,0_0
SF-G29-3,37.78797580448894,-122.3956692990103,0,0,0_0
SF-G30-1,37.788033778778086,-122.39201116469836,0,0,0_0
SF-G30-2,37.78732375261207,-122.38813846562579,0,0,0_0
SF-G5,37.78172362900372,-122.49278993687986,0,5,0_5
SF-G6,37.77952948444179,-122.48773866162071,0,5,0_5
SF-G6-1,37.781804875153604,-122.48597723310924,0,5,0_5
SF-G7,37.78194669013555,-122.4827317876824,0,5,0_5
SF-G8,37.77991542733568,-122.48043527492834,0,5,0_5
SF-G8-1,37.77852799145677,-122.47797718391371,0,5,0_5
SF-G9,37.7807952828189,-122.47618762904365,0,5,0_5
SF-GGP-01,37.771499495453156,-122.4583304752119,0,15,0_15
SF-GGP-02,37.766554017365436,-122.46420317150786,0,15,0_15
SF-GGP-03,37.77290857836114,-122.46591091287083,0,15,0_15
SF-GGP-04,37.77144682591832,-122.49576551276412,0,18,0_18
SF-GGP-05,37.77047596573704,-122.51058832183556,0,8,0_8
SF-H0,37.77527252903811,-122.51114544132933,0,8,0_8
SF-H12,37.77954990803597,-122.46314330649798,0,4,0_4
SF-H13,37.77861728800851,-122.45860873135491,0,4,0_4
SF-H14,37.780894610714554,-122.45626804855114,0,4,0_4
SF-H15,37.78066658835072,-122.4504394677153,0,4,0_4
SF-H16,37.78114963340951,-122.4472875608886,0,16,0_16
SF-H17,37.78245695419922,-122.44201909973818,0,16,0_16
SF-H18,37.78241430082295,-122.43961296831775,0,16,0_16
SF-H19,37.78201041233955,-122.43561164165524,0,16,0_16
SF-H20,37.78330649184962,-122.43108069182291,0,16,0_16
SF-H25,37.78405372085361,-122.41195260506831,0,6,0_6
SF-H26,37.783832731662,-122.40838053920017,0,6,0_6
SF-H26-2,37.782400649385636,-122.40742839591297,0,6,0_6
SF-H27-1,37.78482342466366,-122.40087250945315,0,0,0_0
SF-H28,37.783969124422676,-122.39872450420009,0,0,0_0
SF-H28-2,37.782550920747326,-122.40022929249336,0,0,0_0
SF-H29,37.78510010303457,-122.39629984499165,0,0,0_0
SF-H30,37.78306302741429,-122.38798395581384,0,0,0_0
SF-H30-2,37.783807232302536,-122.39025564949247,0,0,0_0
SF-I16,37.77926928953062,-122.44735530610988,0,16,0_16
SF-I19,37.77917194460981,-122.43697623611692,0,16,0_16
SF-I20,37.78057861153032,-122.43190352783131,0,16,0_16
SF-I21,37.77805422761985,-122.42645437482534,0,2,0_2
SF-I22,37.78080730605433,-122.42194267775209,0,6,0_6
SF-I23-1,37.7814990794044,-122.41850189132167,0,6,0_6
SF-I23-2,37.77881671983973,-122.41816733230877,0,6,0_6
SF-I24,37.778736187007944,-122.41592230585006,0,6,0_6
SF-I25,37.78111103655074,-122.41175974503712,0,6,0_6
SF-I26,37.78132858053452,-122.40483213621151,0,6,0_6
SF-I26-,37.78023971901865,-122.40663305000444,0,6,0_6
SF-I27,37.78085497069163,-122.4026085918281,0,0,0_0
SF-I28,37.7811340077189,-122.39997260761052,0,0,0_0
SF-I29-2,37.780846502601285,-122.39490092715262,0,0,0_0
SF-I30,37.7804845566323,-122.39033361836103,0,0,0_0
SF-I30-2,37.78225672690933,-122.39166985049073,0,0,0_0
SF-I30-3,37.782293488346845,-122.39309554290652,0,0,0_0
SF-J1,37.77289416036339,-122.5089808635574,0,8,0_8
SF-J10,37.77349372169079,-122.47142758693128,0,5,0_5
SF-J12,37.775135690648526,-122.46496738493308,0,15,0_15
SF-J13,37.775337508980066,-122.45810543644683,0,15,0_15
SF-J14,37.77762954963622,-122.4546002992945,0,4,0_4
SF-J15,37.776205875395775,-122.4531210553724,0,4,0_4
SF-J16,37.774830223154304,-122.44661113567692,0,16,0_16
SF-J17,37.77737891819879,-122.44198248383466,0,16,0_16
SF-J18,37.77596087596904,-122.43767366300946,0,16,0_16
SF-J19,37.77770603389419,-122.43318998986804,0,16,0_16
SF-J20,37.77720005455068,-122.42960884186513,0,16,0_16
SF-J21,37.7762654987806,-122.42622083827177,0,2,0_2
SF-J21-2,37.776795020850436,-122.42491594363126,0,2,0_2
SF-J22-1,37.77417382614428,-122.42383972033309,0,2,0_2
SF-J22-2,37.77788438856055,-122.42288656364866,0,6,0_6
SF-J23-1,37.7768499572361,-122.41739822878348,0,6,0_6
SF-J23-2,37.774751091887794,-122.4191304065472,0,6,0_6
SF-J24,37.77442393111141,-122.40947348443069,0,6,0_6
SF-J25,37.776655409253216,-122.41121206873294,0,6,0_6
SF-J26,37.77769692635997,-122.40629678262201,0,6,0_6
SF-J26-2,37.77650763151005,-122.40809488194724,0,6,0_6
SF-J27,37.7758239266255,-122.40269831272417,0,10,0_10
SF-J28-2,37.77796775851888,-122.39695483649395,0,10,0_10
SF-J29,37.776661068603055,-122.39531662453581,0,10,0_10
SF-J29-1,37.778730211878226,-122.39251419966088,0,10,0_10
SF-J29-3,37.776322833045114,-122.39447321857364,0,10,0_10
SF-J3,37.775459298278115,-122.49836792792651,0,18,0_18
SF-J5,37.77568506108464,-122.49402711445309,0,18,0_18
SF-K15-,37.77196436765589,-122.45369132324727,0,15,0_15
SF-K15-2,37.772613848998496,-122.44880445559151,0,16,0_16
SF-K16,37.77118573710076,-122.44535346851097,0,16,0_16
SF-K17,37.773658355978164,-122.44260171854356,0,16,0_16
SF-K17-2,37.77053613788565,-122.44236673539524,0,16,0_16
SF-K18,37.77314489191289,-122.43913740570268,0,16,0_16
SF-K19,37.77237370903116,-122.43583247798114,0,16,0_16
SF-K20,37.771899831177095,-122.43377710745371,0,2,0_2
SF-K21,37.77349589476025,-122.42706462366668,0,2,0_2
SF-K22-1,37.77386496440791,-122.42091884197215,0,2,0_2
SF-K22-2,37.771678108129585,-122.42232923976864,0,2,0_2
SF-K23,37.7721865201017,-122.41976966700837,0,2,0_2
SF-K24,37.77347492976404,-122.41596968030161,0,6,0_6
SF-K24-2,37.774526296048585,-122.41388787512615,0,6,0_6
SF-K24-3,37.77452421951506,-122.41387693278226,0,6,0_6
SF-K25,37.77354351049785,-122.411879297443,0,6,0_6
SF-K26,37.77147719383115,-122.40580395649354,0,11,0_11
SF-K27,37.773212994420604,-122.40336090307582,0,10,0_10
SF-K27-2,37.77256583619376,-122.40379394691226,0,10,0_10
SF-K27-3,37.77426360974255,-122.40179976983156,0,10,0_10
SF-K28,37.775193486979134,-122.39754332144489,0,10,0_10
SF-K28-3,37.7732151399037,-122.400069074601,0,10,0_10
SF-K29-1,37.776039068860335,-122.39309931393642,0,10,0_10
SF-K29-1B,37.78,-122.39,0,0,0_0
SF-K30-2,37.772026280135435,-122.39010581762666,0,10,0_10
SF-K30-3,37.77370609838196,-122.39161561924345,0,10,0_10
SF-L15,37.76835891562205,-122.45249769900114,0,15,0_15
SF-L19,37.76922519732194,-122.43402808359525,0,2,0_2
SF-L20,37.769807829924055,-122.42915281979644,0,2,0_2
SF-L21,37.769267228145345,-122.42694041519043,0,2,0_2
SF-L22,37.76900517270469,-122.42225546849949,0,2,0_2
SF-L24,37.77028047487945,-122.41545300914048,0,11,0_11
SF-L24-2,37.76879947631923,-122.41348123336923,0,11,0_11
SF-L25,37.77004600334392,-122.4118602673542,0,11,0_11
SF-L26,37.76925466588987,-122.4070495147913,0,11,0_11
SF-L27,37.77108032680103,-122.40271759663534,0,10,0_10
SF-L27-2,37.77131484018443,-122.40095913248875,0,10,0_10
SF-L28,37.77190204352592,-122.39832280494619,0,10,0_10
SF-L29,37.77245366625287,-122.39283210621264,0,10,0_10
SF-L30-1,37.77035293118494,-122.39123693379075,0,10,0_10
SF-L31-1,37.77171863321499,-122.3867041544105,0,10,0_10
SF-LW1,37.7418602,-122.50688198333333,0,8,0_8
SF-LW10,37.725193716666666,-122.4620279611111,0,12,0_12
SF-LW11,37.72450222133333,-122.45920086800001,0,12,0_12
SF-LW12,37.74889022820513,-122.45702552692309,0,15,0_15
SF-LW13,37.74824618910257,-122.4591702173077,0,15,0_15
SF-LW14,37.73993691851852,-122.46676145185185,0,12,0_12
SF-LW15,37.7380906,-122.468886825,0,12,0_12
SF-LW2,37.73533740952381,-122.50530027261905,0,8,0_8
SF-LW21,37.741858317695474,-122.50687929876543,0,8,0_8
SF-LW210,37.725064354320985,-122.46160163209876,0,12,0_12
SF-LW214,37.740608735632186,-122.46623869195402,0,12,0_12
SF-LW215,37.73759539777778,-122.46947119666667,0,12,0_12
SF-LW23,37.737937427891154,-122.50630583809524,0,8,0_8
SF-LW24,37.74559319047619,-122.50741207142858,0,8,0_8
SF-LW26,37.74301553066667,-122.47927776666666,0,1,0_1
SF-LW27,37.74855968205129,-122.47838933846154,0,1,0_1
SF-LW28,37.742092284496124,-122.49857707364342,0,8,0_8
SF-LW29,37.73167393703704,-122.47333343703703,0,12,0_12
SF-LW3,37.73880603333333,-122.50655975000001,0,8,0_8
SF-LW4,37.74556356666667,-122.50739466666667,0,8,0_8
SF-LW5,37.742750498666666,-122.48336874133334,0,1,0_1
SF-LW6,37.742954995238094,-122.47920959523809,0,1,0_1
SF-LW7,37.748592366666664,-122.47912286111112,0,1,0_1
SF-LW8,37.742064241025645,-122.49861243333334,0,8,0_8
SF-LW9,37.73165171428571,-122.47294541428572,0,12,0_12
SF-M1,37.76382227981374,-122.50950788289154,0,8,0_8
SF-M10,37.764078951039934,-122.47066251754026,0,15,0_15
SF-M11,37.7642186407801,-122.46738510409956,0,15,0_15
SF-M12,37.763596744157226,-122.46410688222238,0,15,0_15
SF-M13,37.76582531090106,-122.45754603657022,0,15,0_15
SF-M15,37.76595086333213,-122.44926294084883,0,15,0_15
SF-M20,37.766276214418944,-122.43108728131052,0,2,0_2
SF-M21,37.76612591585333,-122.42663749327139,0,2,0_2
SF-M22-1,37.768253631956306,-122.42035966084849,0,2,0_2
SF-M22-2,37.765357728715074,-122.42193558361986,0,2,0_2
SF-M24,37.76710251969339,-122.41546357895096,0,11,0_11
SF-M25,37.76713281004071,-122.41066844026373,0,11,0_11
SF-M26,37.76711580816846,-122.40742478599023,0,11,0_11
SF-M26-2,37.7685931249439,-122.40412298924,0,11,0_11
SF-M27,37.76721225564261,-122.40024395879531,0,10,0_10
SF-M28,37.76662825731395,-122.3982045323135,0,10,0_10
SF-M3,37.76271197851359,-122.50075170932863,0,8,0_8
SF-M30,37.76705190470147,-122.39092443403129,0,10,0_10
SF-M30-2,37.76930530610914,-122.38627596587045,0,10,0_10
SF-M30-4,37.76881026147057,-122.39100637019348,0,10,0_10
SF-M4,37.76299225952893,-122.49544009762724,0,8,0_8
SF-M7,37.763475695133586,-122.48356795306093,0,18,0_18
SF-M8,37.763523320485604,-122.47958304832373,0,18,0_18
SF-M9,37.7635565818385,-122.47655770010873,0,18,0_18
SF-M9-2,37.763711971907064,-122.47529245712252,0,18,0_18
SF-N20-1,37.76429963518048,-122.43191751276701,0,2,0_2
SF-N20-2,37.76329999826401,-122.43071205605892,0,2,0_2
SF-N21,37.7630679128816,-122.42657981588017,0,2,0_2
SF-N22-1A,37.76472645328478,-122.41992045851421,0,2,0_2
SF-N22-1B,37.76487256583491,-122.42011735902018,0,2,0_2
SF-N22-2,37.76332720856144,-122.42201892164066,0,2,0_2
SF-N23,37.76373506150806,-122.41551902279117,0,11,0_11
SF-N24-2,37.76369463993442,-122.41305374882145,0,11,0_11
SF-N25,37.764525414287725,-122.41037151629126,0,11,0_11
SF-N26,37.76348916083633,-122.40743799086752,0,11,0_11
SF-N27,37.76437952332465,-122.40256985843865,0,11,0_11
SF-N28,37.76501266246609,-122.3990208963825,0,10,0_10
SF-N29,37.76479435149955,-122.39483521470856,0,10,0_10
SF-N30,37.764751604240146,-122.39089197448571,0,10,0_10
SF-N4,37.758858693143274,-122.49515606835479,0,8,0_8
SF-O12,37.75877759698433,-122.46375864351413,0,15,0_15
SF-O18,37.75923875546153,-122.43677664322801,0,2,0_2
SF-O19,37.76109248620323,-122.43244597654626,0,2,0_2
SF-O2,37.75656055900957,-122.5024091490376,0,8,0_8
SF-O21,37.761424240267324,-122.42654382102343,0,2,0_2
SF-O22,37.75918626721415,-122.42143610223346,0,2,0_2
SF-O23,37.76029261512152,-122.41899501414508,0,2,0_2
SF-O24,37.760684847520764,-122.4148234851878,0,11,0_11
SF-O25-1,37.76045087511331,-122.41077037053194,0,11,0_11
SF-O25-2,37.75918299315457,-122.4100363243918,0,11,0_11
SF-O30,37.761652728252855,-122.39087307239113,0,10,0_10
SF-O30-2,37.76038824521589,-122.38748130459363,0,10,0_10
SF-Outside Lands-Temp,37.77082803788448,-122.47887513992663,0,18,0_18
SF-P1,37.75303492312244,-122.508536834513,0,8,0_8
SF-P2,37.75280946720137,-122.50429104377191,0,8,0_8
SF-P21,37.75825066201739,-122.42611126008265,0,2,0_2
SF-P22,37.75672443183571,-122.42112154661085,0,7,0_7
SF-P24,37.758890534032226,-122.41258262488532,0,11,0_11
SF-P26,37.75685108922441,-122.40601082770638,0,11,0_11
SF-P30,37.7577293126481,-122.39192074644663,0,10,0_10
SF-P6,37.75392076043294,-122.48835602688156,0,1,0_1
SF-P7,37.75410435407169,-122.48401751739291,0,1,0_1
SF-P8,37.754324712269124,-122.47861581889559,0,1,0_1
SF-Q21-1,37.75499886415512,-122.42573913021558,0,7,0_7
SF-Q21-2,37.751806809988985,-122.42653794272066,0,7,0_7
SF-Q22-1,37.755150960659975,-122.42099363167935,0,7,0_7
SF-Q22-2,37.75246654178532,-122.42068645501668,0,7,0_7
SF-Q23-3,37.75214002636149,-122.41969784478925,0,7,0_7
SF-Q26,37.75336433643895,-122.40538255286829,0,11,0_11
SF-Q3,37.75136182900666,-122.49848492429727,0,8,0_8
SF-Q30,37.75542776583745,-122.38869192499978,0,14,0_14
SF-Q4,37.75172840653424,-122.49565045171055,0,8,0_8
SF-R19,37.75056098619713,-122.4337793117556,0,7,0_7
SF-R20,37.75092756005507,-122.42761984229665,0,7,0_7
SF-R24,37.75098915863701,-122.4120839726387,0,7,0_7
SF-R26,37.75184743014845,-122.40553817100344,0,11,0_11
SF-S21,37.747818201549215,-122.42506467579794,0,7,0_7
SF-S22-1,37.74769660534687,-122.42019378077319,0,7,0_7
SF-S22-2,37.74582207140885,-122.42216270720087,0,7,0_7
SF-S24,37.74732004400647,-122.41141352249012,0,7,0_7
SF-S29,37.75043841809815,-122.39049957640916,0,14,0_14
SF-S30,37.75027241245263,-122.38629601843606,0,14,0_14
SF-T20,37.74372991479377,-122.42689033062047,0,7,0_7
SF-T21,37.74237565274655,-122.42294383178175,0,7,0_7
SF-T22,37.744059240898615,-122.4215835901501,0,7,0_7
SF-U21,37.739841809353514,-122.42540385178788,0,7,0_7
SF-U30,37.74219248521606,-122.38691460249194,0,14,0_14
SF-V28,37.73704996096418,-122.39447809535847,0,3,0_3
SF-V29,37.739046888960054,-122.38957249056477,0,14,0_14
SF-V30,37.73983745520703,-122.38567974430893,0,14,0_14
SF-V30-1,37.74052541440335,-122.38901366345337,0,14,0_14
SF-V31,37.74009501870248,-122.3834482229883,0,14,0_14
SF-V32,37.740540306635445,-122.37644128489896,0,14,0_14
SF-W14,37.731738939784805,-122.45111371229632,0,9,0_9
SF-W19,37.732918954448145,-122.43418299909813,0,9,0_9
SF-W19-2,37.734947049129275,-122.42983947838731,0,7,0_7
SF-W29,37.73629493268592,-122.38988187544474,0,3,0_3
SF-W8,37.731090746950265,-122.47625387217383,0,12,0_12
SF-X14,37.72831261012078,-122.45033722193287,0,9,0_9
SF-X16,37.7305911335902,-122.44428329797024,0,9,0_9
SF-X19,37.730151439746784,-122.43291337273452,0,9,0_9
SF-X29,37.7332120666822,-122.39097062791589,0,3,0_3
SF-X30,37.73185884432956,-122.39000276497765,0,3,0_3
SF-Y14,37.726027914430766,-122.45244974112445,0,9,0_9
SF-Y16,37.724800682126634,-122.44333144784588,0,9,0_9
SF-Y18,37.72726486872944,-122.43561375481416,0,9,0_9
SF-Y25,37.7272729606525,-122.40674880051498,0,3,0_3
SF-Y27,37.730097138837614,-122.39889581463775,0,3,0_3
SF-Y29,37.72924731654483,-122.39304901448695,0,3,0_3
SF-Y30,37.72940238802101,-122.38658256005374,0,3,0_3
SF-Y7,37.726259124662505,-122.4794563590361,0,12,0_12
SF-Y8,37.72562892147422,-122.47653821113248,0,12,0_12
SF-Z13,37.723438650142214,-122.4551280182139,0,9,0_9
SF-Z16,37.72247633806909,-122.44370065609485,0,9,0_9
SF-Z28,37.725467105565734,-122.39407488649839,0,3,0_3
SF-Z6,37.722086028922845,-122.4828077399203,0,12,0_12
SF-Z7,37.72099308284714,-122.47875813564119,0,12,0_12
SJ-C9,37.36810144613937,-121.91862243363866,2,2,2_2
SJ-D9,37.36537388930506,-121.91653637485776,2,2,2_2
SJ-E10,37.36215465355983,-121.90879992081042,2,2,2_2
SJ-E9,37.36402539037049,-121.91187557052459,2,2,2_2
SJ-F10,37.360965649385356,-121.90698156629504,2,2,2_2
SJ-G10,37.35501507376888,-121.90444086702935,2,2,2_2
SJ-G15,37.371120591950785,-121.88132493331538,2,0,2_0
SJ-H10,37.350796090760916,-121.90214914948776,2,2,2_2
SJ-H11,37.356570077727454,-121.89576880534844,2,2,2_2
SJ-H12,37.355365460532,-121.89204403829301,2,2,2_2
SJ-H16,37.36506354286734,-121.8717214614508,2,0,2_0
SJ-H17,37.365691474279615,-121.86783002257555,2,0,2_0
SJ-H9,37.352453204253294,-121.90555647478253,2,2,2_2
SJ-I10,37.350822464139775,-121.89594780444594,2,2,2_2
SJ-I11,37.35303978030071,-121.89196245275797,2,2,2_2
SJ-I14,37.36010207232399,-121.87884591161848,2,0,2_0
SJ-I5,37.338072656519294,-121.91934813087498,2,1,2_1
SJ-I9,37.34765766090867,-121.89959343559866,2,2,2_2
SJ-J10,37.34871639872384,-121.89480143115574,2,2,2_2
SJ-J11,37.3474675379106,-121.89045515779848,2,2,2_2
SJ-J12-1,37.349599849861086,-121.88779499326496,2,0,2_0
SJ-J12-2,37.35293490236109,-121.88595002423428,2,0,2_0
SJ-J6,37.336706564935234,-121.90902727418339,2,1,2_1
SJ-J8,37.34125393446173,-121.9033408048006,2,2,2_2
SJ-J9,37.34501004858506,-121.89685128233982,2,2,2_2
SJ-K10,37.34120348275325,-121.8929763277222,2,3,2_3
SJ-K11,37.34342175573918,-121.88945860977856,2,3,2_3
SJ-K5,37.33227826947294,-121.9123062958938,2,1,2_1
SJ-K6,37.33384094777164,-121.90878982886449,2,1,2_1
SJ-K9,37.342715404513235,-121.89565189853401,2,2,2_2
SJ-L10,37.33927125676853,-121.88989214505258,2,3,2_3
SJ-L11,37.34304121723084,-121.88450502762363,2,3,2_3
SJ-L12,37.34273761710188,-121.8773549300061,2,0,2_0
SJ-L13,37.34407734077037,-121.87451998742502,2,0,2_0
SJ-L7-1,37.33288423684293,-121.9001903948717,2,1,2_1
SJ-L7-2,37.331934364765694,-121.90499608293095,2,1,2_1
SJ-L9,37.33696790718207,-121.89420876211044,2,3,2_3
SJ-L9-2,37.338609787426186,-121.89580202607438,2,3,2_3
SJ-M10-1,37.33742394799264,-121.88707518598152,2,3,2_3
SJ-M10-2,37.33592039068031,-121.88561269904004,2,3,2_3
SJ-M10-3,37.33385835701647,-121.88705255799512,2,3,2_3
SJ-M10-4,37.336086527802976,-121.88947267695251,2,3,2_3
SJ-M11-1,37.33903898461536,-121.88401806292381,2,3,2_3
SJ-M11-2,37.3370926388173,-121.88328478485106,2,3,2_3
SJ-M11-3,37.338496195570244,-121.88091319481802,2,3,2_3
SJ-M14,37.34627794730833,-121.86899323678378,2,0,2_0
SJ-M4,37.32337415265119,-121.91341373469122,2,1,2_1
SJ-M5,37.32602972790556,-121.91239592842138,2,1,2_1
SJ-M6,37.32908163687102,-121.90477787038434,2,1,2_1
SJ-M6-2,37.32627657623183,-121.90510066224053,2,1,2_1
SJ-M7-1,37.329743962271486,-121.90173481136641,2,1,2_1
SJ-M8,37.33153695833333,-121.893219125,2,3,2_3
SJ-M8-1,37.33159325081046,-121.89324554263814,2,3,2_3
SJ-M8-2,37.33016862649836,-121.8975991731015,2,1,2_1
SJ-M9-2,37.334020753115425,-121.89489819318706,2,3,2_3
SJ-N10-1,37.332805698827585,-121.88388580075727,2,3,2_3
SJ-N10-2,37.33105508492457,-121.88677950941462,2,3,2_3
SJ-N10-3,37.33199001239459,-121.88157845404388,2,3,2_3
SJ-N11,37.33394683906479,-121.87740558876665,2,3,2_3
SJ-N12-1,37.33640936372917,-121.87677090380127,2,3,2_3
SJ-N14,37.33996071121771,-121.86368649548187,2,0,2_0
SJ-N14-2,37.33868896820604,-121.8666467989994,2,0,2_0
SJ-N5,37.32336450294967,-121.90598988358671,2,1,2_1
SJ-N5-2,37.321018364890286,-121.90812474190733,2,1,2_1
SJ-N6,37.32123181813393,-121.903229098387,2,1,2_1
SJ-N7,37.32420904366326,-121.8996372645303,2,1,2_1
SJ-N9,37.33081301896101,-121.88889324027815,2,3,2_3
SJ-O10,37.327474703734744,-121.88480964022784,2,3,2_3
SJ-O11,37.33293731538462,-121.87558910598291,2,3,2_3
SJ-O12,37.332936344857316,-121.87560710195564,2,3,2_3
SJ-O4,37.31676962137502,-121.90986615176081,2,1,2_1
SJ-O9,37.326887100319325,-121.88920559722948,2,3,2_3
SJ-P10,37.32587034781017,-121.87711330394606,2,3,2_3
SJ-P10-2,37.32445481305059,-121.88070470930636,2,3,2_3
SJ-P6,37.315057686324856,-121.89774676785217,2,1,2_1
SJ-P7,37.31982420234684,-121.89302977933643,2,1,2_1
SJ-P8,37.32309860820795,-121.88801082404036,2,3,2_3
SJ-P9,37.32214710638561,-121.88114133086272,2,3,2_3
SJ-Q10,37.32099841803823,-121.87636997483459,2,3,2_3
SJ-Q11,37.323544448735106,-121.87437634782026,2,3,2_3
SJ-Q4,37.30902603730286,-121.89996184748729,2,1,2_1
SJ-Q5,37.31126167485235,-121.89629062085947,2,1,2_1
SJ-Q8,37.317176798412845,-121.88486730118042,2,3,2_3
SJ-Q9,37.318480310156865,-121.88309337715508,2,3,2_3
SJ-R11,37.32034408458607,-121.87012773957122,2,3,2_3
San Jose Depot,37.34343898045885,-121.9149246010285,2,2,2_2
Sf-Z17,37.723329652235776,-122.43775893901817,0,9,0_9
SpecialEventTempStation,37.770793965048995,-122.4790184031799,0,18,0_18
X-DEV-MTL-01,37.775686442406666,-122.38829612731934,0,10,0_10
